<?xml version="1.0" encoding="UTF-8" ?>
<!DOCTYPE configuration 	PUBLIC "-//mybatis.org//DTD Config 3.0//EN"
	"http://mybatis.org/dtd/mybatis-3-config.dtd">

<configuration>
	<typeAliases>
		<typeAlias type="com.office.bank.admin.member.AdminMemberVo"
			alias="adminMemberVo" />
		<typeAlias
			type="com.office.bank.customer.member.CustomerMemberVo"
			alias="customerMemberVo" />
		<typeAlias type="com.office.bank.transaction.TransactionVo"
			alias="transactionVo" />
	<typeAlias type="com.office.bank.transaction.AccountVo"
		alias="accountVo" />
		<typeAlias type="com.office.bank.transaction.LoanVo"		alias="loanVo" />
			<typeAlias type="com.office.bank.transaction.ExchangeVo"		alias="exchangeVo" />
			<typeAlias type="com.office.bank.transaction.NoticeVo"		alias="noticeVo" />
			
</typeAliases>
</configuration>