<?xml version="1.0" encoding="UTF-8" ?>
<!DOCTYPE mapper
      PUBLIC "-//mybatis.org//DTD Mapper 3.0//EN"
   "http://mybatis.org/dtd/mybatis-3-mapper.dtd">

<mapper namespace="mapper.customerMember">

	<insert id="insertCustomerAccount"
		parameterType="customerMemberVo">
		INSERT INTO customer(
		customer_id, customer_pw,
		customer_rrn,
		first_name, last_name, date_of_birth, address,
		phone_number, email
		)
		VALUES (
		#{customer_id},#{customer_pw},#{customer_rrn},#{first_name},#{last_name},#{date_of_birth},#{address},#{phone_number},#{email}

		)
	</insert>
	<select id="idCheck" resultType="int" parameterType="String">
		SELECT
		Count(*) FROM customer WHERE customer_id = #{customer_id}
	</select>



	<select id="selectCustomer" resultType="customerMemberVo"
		parameterType="String">
		SELECT * FROM customer WHERE customer_id =
		#{customer_id}
	</select>

	<select id="selectCustomerFind" resultType="customerMemberVo"
		parameterType="customerMemberVo">
		SELECT * FROM customer WHERE customer_id=#{customer_id}
		and
		phone_number=#{phone_number} and email=#{email}
	</select>

	<update id="updateCustomerAccount"
		parameterType="customerMemberVo">
		UPDATE customer SET customer_id = #{customer_id},
		customer_pw = #{customer_pw},
		first_name = #{first_name},
		last_name =
		#{last_name},
		date_of_birth = #{date_of_birth},
		address = #{address},
		phone_number = #{phone_number},
		email = #{email}
		WHERE customer_no =
		#{customer_no}
	</update>

	<select id="selectCustomers" parameterType="int"
		resultType="customerMemberVo">
		SELECT * FROM
		customer WHERE customer_no= #{customer_no}

	</select>


	<select id="noticeList" resultType="noticeVo">
		SELECT * FROM notice
		ORDER BY
		notice_no DESC
	</select>




	<select id="customerList" resultType="accountVo">
		SELECT A.*,
		B.first_name,B.last_name FROM account A
		join customer B on
		A.customer_no = B.customer_no
		ORDER BY A.customer_no;


	</select>

	<update id="updateApproval" parameterType="accountVo">
		UPDATE account
		SET
		approval = #{approval}
		WHERE
		account_no=#{account_no}
	</update>

	<select id="customerDetail" resultType="accountVo">
		SELECT * FROM account A
		join customer B on A.customer_no = B.customer_no
		WHERE A.customer_no=
		#{customer_no}

	</select>


	<select id="userTransfer" resultType="accountVo">
		SELECT * FROM transaction
		WHERE customer_no= #{customer_no}

	</select>



	<select id="transactionList" resultType="transactionVo"
		parameterType="int">
		SELECT * FROM transaction WHERE customer_no =
		#{customer_no}
		ORDER BY transaction_date DESC
	</select>

	<select id="exchangeList" resultType="exchangeVo"
		parameterType="String">
		SELECT * FROM exchange WHERE account_number =
		#{account_number}
		ORDER BY exchange_no DESC;
	</select>

	<select id="userLoanList" resultType="loanVo">
		SELECT * FROM loan A
		join
		customer B on A.customer_no = B.customer_no
		WHERE A.customer_no =
		#{customer_no}

	</select>


	<select id="customerLoanDetail" resultType="loanVo"
		parameterType="loanVo">
		SELECT * FROM loan A
		join customer B on A.customer_no =
		B.customer_no
		WHERE A.loan_no = #{loan_no} AND A.customer_no
		=#{customer_no}

	</select>


	<update id="loanApprovalUpdate" parameterType="int">
		UPDATE loan SET
		loan_approval = 1
		where loan_no = #{loan_no}


	</update>


	<update id="loanApprovalUpdateNg" parameterType="int">
		UPDATE loan SET
		loan_approval = 2
		where loan_no = #{loan_no}
	</update>


	<update id="loanBalanceUpdate" parameterType="loanVo">
		UPDATE account
		SET
		balance = balance + (SELECT loan_amount from loan where loan_no =
		#{loan_no})
		WHERE
		customer_no=#{customer_no}

	</update>

	<select id="noticeDetail" resultType="noticeVo"
		parameterType="int">
		SELECT * FROM notice where notice_no =#{notice_no}

	</select>


	<insert id="noticeInsert" parameterType="noticeVo">
		INSERT INTO notice(
		notice_title, notice_content,
		notice_date
		)
		VALUES (
		#{notice_title},#{notice_content},now()

		)
	</insert>

	<delete id="noticeDelet" parameterType="int">
		DELETE FROM notice
		WHERE notice_no = #{notice_no};
	</delete>

</mapper>