<?xml version="1.0" encoding="UTF-8" ?>
<!DOCTYPE mapper
      PUBLIC "-//mybatis.org//DTD Mapper 3.0//EN"
   "http://mybatis.org/dtd/mybatis-3-mapper.dtd">

<mapper namespace="mapper.transaction">
	<insert id="insertAccount" parameterType="accountVo">

		INSERT INTO account(
		account_number, customer_no, open_date, account_pw

		)
		VALUES(
		#{account_number},#{customer_no},now(),#{account_pw}
		)


	</insert>

	<select id="detailAcctontForm" resultType="accountVo"
		parameterType="int">
		SELECT * FROM account WHERE customer_no =#{customer_no}
	</select>

	<insert id="loanConfirm" parameterType="loanVo">
		INSERT INTO loan(
		customer_no, account_number, loan_type, loan_date, loan_amount, loan_repayment
		)
		VALUES(
		#{customer_no}, #{account_number}, #{loan_type}, now(),
		#{loan_amount}, #{loan_repayment}
		)
	</insert>

	<select id="transfer" resultType="accountVo" parameterType="int">
		SELECT * FROM account WHERE customer_no =#{customer_no}
	</select>




	<update id="updateAccountBalance" parameterType="accountVo">
		UPDATE account

		SET balance = balance + #{amount}

		WHERE
		account_number=#{related_account}

	</update>


	<update id="minusAccountBalance" parameterType="accountVo">

		UPDATE account

		SET balance = balance - #{amount}

		WHERE
		account_number=#{account_number}

	</update>



	<insert id="createExchangeConfirm" parameterType="exchangeVo">
		INSERT INTO
		exchange (exchange_currency,exchange_amount, exchange_date,
		account_number,exchange_balance,exchange_result)
		VALUES(
		#{exchange_currency}, #{exchange_amount},
		now(), #{account_number},
		#{exchange_balance}, #{exchange_result} )
	</insert>


	<insert id="createTransferConfirm" parameterType="transactionVo" useGeneratedKeys="true" keyProperty="transaction_no"> <!--출금내역 -->
		INSERT INTO
		transaction(account_number, amount, transaction_date,
		related_account, customer_no, transaction_balance)
		VALUES(
		#{account_number}, #{amount},
		now(), #{related_account},
		#{customer_no},#{transaction_balance} )
	</insert>


	<insert id="insertdepositTable" parameterType="transactionVo" useGeneratedKeys="true" keyProperty="transaction_no"> <!--입금내역 -->
		INSERT INTO
		transaction(account_number, amount, transaction_date,
		related_account, customer_no, transaction_balance,transaction_type)
		VALUES(
		#{related_account}, #{amount},
		now(), #{account_number},
		#{customer_no},#{transaction_balance},1 )
	</insert>


	<update id="minusExchangeBalance" parameterType="exchangeVo">

		UPDATE account

		SET balance = balance - #{exchange_balance}

		WHERE
		account_number=#{account_number}

	</update>

	<select id="matchAccountPw" resultType="accountVo"
		parameterType="String">
		SELECT * FROM account WHERE account_number =
		#{account_number}
	</select>


	<select id="transactionList" resultType="transactionVo"
		parameterType="int">
		SELECT * FROM transaction WHERE customer_no = #{customer_no}
		ORDER BY transaction_date DESC
	</select>

	<select id="exchangeList" resultType="exchangeVo"
		parameterType="String">
		SELECT * FROM exchange WHERE account_number =
		#{account_number}
		ORDER BY exchange_no DESC;
	</select>
	
	<select id="loanList" resultType="loanVo"
		parameterType="int">
		SELECT * FROM loan A
		join customer B on A.customer_no = B.customer_no
		WHERE A.customer_no = #{customer_no}
		
		
	</select>

	<select id="selectBalance" parameterType="accountVo"
		resultType="int">
		SELECT balance FROM account
		WHERE account_number = #{related_account}

	</select>

	<update id="updateCustomerNo" parameterType="transactionVo">

		UPDATE transaction
		SET customer_no = (SELECT customer_no FROM account where account_number =#{related_account})
		where transaction_no = #{transaction_no};

	</update>

		<select id="LoanDetail" resultType="loanVo">
		SELECT * FROM loan A 
		join customer B on A.customer_no = B.customer_no
		where A.customer_no = #{customer_no}
	
	</select>


</mapper>